-- Creating the Inventory database if it doesn't exist
CREATE DATABASE IF NOT EXISTS Inventory;

CREATE USER IF NOT exists 'inventory_user'@'localhost' IDENTIFIED BY 'pass123';
GRANT ALL PRIVILEGES ON Inventory TO 'inventory_user'@'localhost';
-- Use the Inventory database
USE Inventory;

-- Creating the Purchases table
CREATE TABLE IF NOT EXISTS Purchases (
    PurchaseID INT AUTO_INCREMENT PRIMARY KEY,
    ProductName VARCHAR(255),
    Quantity INT,
    PurchaseDate DATE
);

-- Creating the Sales table
CREATE TABLE IF NOT EXISTS Sales (
    SaleID INT AUTO_INCREMENT PRIMARY KEY,
    ProductName VARCHAR(255),
    Quantity INT,
    SaleDate DATE
);

-- Creating the Inventory table
CREATE TABLE IF NOT EXISTS Inventory (
    ProductID INT AUTO_INCREMENT PRIMARY KEY,
    ProductName VARCHAR(255),
    Quantity INT,
    LastUpdated TIMESTAMP
);

-- Inserting data into Purchases table
INSERT INTO Purchases (ProductName, Quantity, PurchaseDate)
VALUES
    ('Product 1', 10, '2023-08-01'),
    ('Product 2', 5, '2023-01-02'),
	('Product 3', 10, '2023-03-01'),
    ('Product 4', 5, '2023-09-02'),
	('Product 5', 10, '2023-09-05'),
    ('Product 6', 5, '2023-09-09'),
	('Product 7', 10, '2023-09-01'),
    ('Product 8', 5, '2023-09-07'),
	('Product 9', 10, '2023-09-01'),
    ('Product 10', 5, '2023-09-02'),
	('Product 11', 10, '2023-07-01'),
    ('Product 12', 5, '2023-09-02'),
	('Product 13', 10, '2023-04-01'),
    ('Product 14', 5, '2023-09-02'),
	('Product 15', 10, '2023-04-01'),
    ('Product 16', 5, '2023-09-02'),
	('Product 17', 10, '2023-09-06'),
    ('Product 18', 5, '2023-09-02'),
	('Product 19', 10, '2023-04-01'),
    ('Product 20', 5, '2023-06-02'),
	('Product 21', 10, '2023-04-01'),
    ('Product 22', 5, '2023-09-02'),
	('Product 23', 10, '2023-02-01'),
    ('Product 24', 5, '2023-09-02'),
	('Product 25', 10, '2023-09-01'),
    ('Product 26', 5, '2023-09-02'),
	('Product 27', 10, '2023-07-01'),
    ('Product 28', 5, '2023-09-02'),
	('Product 29', 10, '2023-09-01'),
    ('Product 30', 5, '2023-09-02'),
	('Product 31', 10, '2023-09-01'),
    ('Product 32', 5, '2023-09-10'),
	('Product 33', 10, '2023-09-01'),
    ('Product 34', 5, '2023-09-02'),
	('Product 35', 10, '2023-07-01'),
    ('Product 36', 5, '2023-05-02'),
	('Product 37', 10, '2023-09-01'),
    ('Product 38', 5, '2023-07-02'),
	('Product 39', 10, '2023-09-01'),
    ('Product 40', 5, '2023-03-02'),
	('Product 41', 10, '2023-09-01'),
    ('Product 42', 5, '2023-09-02'),
	('Product 43', 10, '2023-09-01'),
    ('Product 44', 5, '2023-09-02'),
	('Product 45', 10, '2023-09-01'),
    ('Product 46', 5, '2023-09-09'),
	('Product 47', 10, '2023-09-01'),
    ('Product 48', 5, '2023-09-02'),
	('Product 49', 10, '2023-09-01'),
    ('Product 50', 5, '2023-09-07'),
	('Product 51', 10, '2023-09-01'),
    ('Product 52', 5, '2023-09-02'),
	('Product 53', 10, '2023-09-10'),
    ('Product 54', 5, '2023-09-02'),
	('Product 55', 10, '2023-09-01'),
    ('Product 56', 5, '2023-09-03'),
	('Product 57', 10, '2023-09-01'),
    ('Product 58', 5, '2023-09-04'),
	('Product 59', 10, '2023-02-01'),
    ('Product 60', 5, '2023-09-02'),
	('Product 61', 10, '2023-09-01'),
    ('Product 62', 5, '2023-05-02'),
	('Product 63', 10, '2023-09-01'),
    ('Product 64', 5, '2023-09-02'),
	('Product 65', 10, '2023-09-01'),
    ('Product 66', 5, '2023-09-02'),
	('Product 67', 10, '2023-09-01'),
    ('Product 68', 5, '2023-04-02'),
	('Product 69', 10, '2023-09-01'),
    ('Product 70', 5, '2023-09-02'),
	('Product 71', 10, '2023-07-01'),
    ('Product 72', 5, '2023-09-02'),
	('Product 73', 10, '2023-09-01'),
    ('Product 74', 5, '2023-09-02'),
	('Product 75', 10, '2023-09-01'),
    ('Product 76', 5, '2023-09-02'),
	('Product 77', 10, '2023-09-01'),
    ('Product 78', 5, '2023-09-02'),
	('Product 79', 10, '2023-09-01'),
    ('Product 80', 5, '2023-09-02'),
	('Product 81', 10, '2023-09-01'),
    ('Product 82', 5, '2023-06-02'),
	('Product 83', 10, '2023-09-01'),
    ('Product 84', 5, '2023-09-02'),
	('Product 85', 10, '2023-09-01'),
    ('Product 86', 5, '2023-05-02'),
	('Product 87', 10, '2023-09-01'),
    ('Product 88', 5, '2023-09-02'),
	('Product 89', 10, '2023-05-01'),
    ('Product 90', 5, '2023-01-02'),
	('Product 91', 10, '2023-09-01'),
    ('Product 92', 5, '2023-06-02'),
	('Product 93', 10, '2023-09-01'),
    ('Product 94', 5, '2023-04-02'),
	('Product 95', 10, '2023-09-01'),
    ('Product 96', 5, '2023-09-12'),
	('Product 97', 10, '2023-09-01'),
    ('Product 98', 5, '2023-05-02'),
	('Product 99', 10, '2023-05-07'),
    ('Product 100', 5, '2023-09-02');
	

    -- rows

-- InsertINNG data into Sales table
INSERT INTO Sales (ProductName, Quantity, SaleDate)
VALUES
   ('Product 1', 10, '2023-08-01'),
    ('Product 2', 5, '2023-01-02'),
	('Product 3', 10, '2023-03-01'),
    ('Product 4', 5, '2023-09-02'),
	('Product 5', 10, '2023-09-05'),
    ('Product 6', 5, '2023-09-09'),
	('Product 7', 10, '2023-09-01'),
    ('Product 8', 5, '2023-09-07'),
	('Product 9', 10, '2023-09-01'),
    ('Product 10', 5, '2023-09-02'),
	('Product 11', 10, '2023-07-01'),
    ('Product 12', 5, '2023-09-02'),
	('Product 13', 10, '2023-04-01'),
    ('Product 14', 5, '2023-09-02'),
	('Product 15', 10, '2023-04-01'),
    ('Product 16', 5, '2023-09-02'),
	('Product 17', 10, '2023-09-06'),
    ('Product 18', 5, '2023-09-02'),
	('Product 19', 10, '2023-04-01'),
    ('Product 20', 5, '2023-06-02'),
	('Product 21', 10, '2023-04-01'),
    ('Product 22', 5, '2023-09-02'),
	('Product 23', 10, '2023-02-01'),
    ('Product 24', 5, '2023-09-02'),
	('Product 25', 10, '2023-09-01'),
    ('Product 26', 5, '2023-09-02'),
	('Product 27', 10, '2023-07-01'),
    ('Product 28', 5, '2023-09-02'),
	('Product 29', 10, '2023-09-01'),
    ('Product 30', 5, '2023-09-02'),
	('Product 31', 10, '2023-09-01'),
    ('Product 32', 5, '2023-09-10'),
	('Product 33', 10, '2023-09-01'),
    ('Product 34', 5, '2023-09-02'),
	('Product 35', 10, '2023-07-01'),
    ('Product 36', 5, '2023-05-02'),
	('Product 37', 10, '2023-09-01'),
    ('Product 38', 5, '2023-07-02'),
	('Product 39', 10, '2023-09-01'),
    ('Product 40', 5, '2023-03-02'),
	('Product 41', 10, '2023-09-01'),
    ('Product 42', 5, '2023-09-02'),
	('Product 43', 10, '2023-09-01'),
    ('Product 44', 5, '2023-09-02'),
	('Product 45', 10, '2023-09-01'),
    ('Product 46', 5, '2023-09-09'),
	('Product 47', 10, '2023-09-01'),
    ('Product 48', 5, '2023-09-02'),
	('Product 49', 10, '2023-09-01'),
    ('Product 50', 5, '2023-09-07'),
	('Product 51', 10, '2023-09-01'),
    ('Product 52', 5, '2023-09-02'),
	('Product 53', 10, '2023-09-10'),
    ('Product 54', 5, '2023-09-02'),
	('Product 55', 10, '2023-09-01'),
    ('Product 56', 5, '2023-09-03'),
	('Product 57', 10, '2023-09-01'),
    ('Product 58', 5, '2023-09-04'),
	('Product 59', 10, '2023-02-01'),
    ('Product 60', 5, '2023-09-02'),
	('Product 61', 10, '2023-09-01'),
    ('Product 62', 5, '2023-05-02'),
	('Product 63', 10, '2023-09-01'),
    ('Product 64', 5, '2023-09-02'),
	('Product 65', 10, '2023-09-01'),
    ('Product 66', 5, '2023-09-02'),
	('Product 67', 10, '2023-09-01'),
    ('Product 68', 5, '2023-04-02'),
	('Product 69', 10, '2023-09-01'),
    ('Product 70', 5, '2023-09-02'),
	('Product 71', 10, '2023-07-01'),
    ('Product 72', 5, '2023-09-02'),
	('Product 73', 10, '2023-09-01'),
    ('Product 74', 5, '2023-09-02'),
	('Product 75', 10, '2023-09-01'),
    ('Product 76', 5, '2023-09-02'),
	('Product 77', 10, '2023-09-01'),
    ('Product 78', 5, '2023-09-02'),
	('Product 79', 10, '2023-09-01'),
    ('Product 80', 5, '2023-09-02'),
	('Product 81', 10, '2023-09-01'),
    ('Product 82', 5, '2023-06-02'),
	('Product 83', 10, '2023-09-01'),
    ('Product 84', 5, '2023-09-02'),
	('Product 85', 10, '2023-09-01'),
    ('Product 86', 5, '2023-05-02'),
	('Product 87', 10, '2023-09-01'),
    ('Product 88', 5, '2023-09-02'),
	('Product 89', 10, '2023-05-01'),
    ('Product 90', 5, '2023-01-02'),
	('Product 91', 10, '2023-09-01'),
    ('Product 92', 5, '2023-06-02'),
	('Product 93', 10, '2023-09-01'),
    ('Product 94', 5, '2023-04-02'),
	('Product 95', 10, '2023-09-01'),
    ('Product 96', 5, '2023-09-12'),
	('Product 97', 10, '2023-09-01'),
    ('Product 98', 5, '2023-05-02'),
	('Product 99', 10, '2023-05-07'),
    ('Product 100', 5, '2023-09-02');
    -- rows

-- InsertING data into Inventory table
INSERT INTO Inventory (ProductName, Quantity, LastUpdated)
VALUES
    
	('Product 1', 10, '2023-08-01'),
    ('Product 2', 5, '2023-01-02'),
	('Product 3', 10, '2023-03-01'),
    ('Product 4', 5, '2023-09-02'),
	('Product 5', 10, '2023-09-05'),
    ('Product 6', 5, '2023-09-09'),
	('Product 7', 10, '2023-09-01'),
    ('Product 8', 5, '2023-09-07'),
	('Product 9', 10, '2023-09-01'),
    ('Product 10', 5, '2023-09-02'),
	('Product 11', 10, '2023-07-01'),
    ('Product 12', 5, '2023-09-02'),
	('Product 13', 10, '2023-04-01'),
    ('Product 14', 5, '2023-09-02'),
	('Product 15', 10, '2023-04-01'),
    ('Product 16', 5, '2023-09-02'),
	('Product 17', 10, '2023-09-06'),
    ('Product 18', 5, '2023-09-02'),
	('Product 19', 10, '2023-04-01'),
    ('Product 20', 5, '2023-06-02'),
	('Product 21', 10, '2023-04-01'),
    ('Product 22', 5, '2023-09-02'),
	('Product 23', 10, '2023-02-01'),
    ('Product 24', 5, '2023-09-02'),
	('Product 25', 10, '2023-09-01'),
    ('Product 26', 5, '2023-09-02'),
	('Product 27', 10, '2023-07-01'),
    ('Product 28', 5, '2023-09-02'),
	('Product 29', 10, '2023-09-01'),
    ('Product 30', 5, '2023-09-02'),
	('Product 31', 10, '2023-09-01'),
    ('Product 32', 5, '2023-09-10'),
	('Product 33', 10, '2023-09-01'),
    ('Product 34', 5, '2023-09-02'),
	('Product 35', 10, '2023-07-01'),
    ('Product 36', 5, '2023-05-02'),
	('Product 37', 10, '2023-09-01'),
    ('Product 38', 5, '2023-07-02'),
	('Product 39', 10, '2023-09-01'),
    ('Product 40', 5, '2023-03-02'),
	('Product 41', 10, '2023-09-01'),
    ('Product 42', 5, '2023-09-02'),
	('Product 43', 10, '2023-09-01'),
    ('Product 44', 5, '2023-09-02'),
	('Product 45', 10, '2023-09-01'),
    ('Product 46', 5, '2023-09-09'),
	('Product 47', 10, '2023-09-01'),
    ('Product 48', 5, '2023-09-02'),
	('Product 49', 10, '2023-09-01'),
    ('Product 50', 5, '2023-09-07'),
	('Product 51', 10, '2023-09-01'),
    ('Product 52', 5, '2023-09-02'),
	('Product 53', 10, '2023-09-10'),
    ('Product 54', 5, '2023-09-02'),
	('Product 55', 10, '2023-09-01'),
    ('Product 56', 5, '2023-09-03'),
	('Product 57', 10, '2023-09-01'),
    ('Product 58', 5, '2023-09-04'),
	('Product 59', 10, '2023-02-01'),
    ('Product 60', 5, '2023-09-02'),
	('Product 61', 10, '2023-09-01'),
    ('Product 62', 5, '2023-05-02'),
	('Product 63', 10, '2023-09-01'),
    ('Product 64', 5, '2023-09-02'),
	('Product 65', 10, '2023-09-01'),
    ('Product 66', 5, '2023-09-02'),
	('Product 67', 10, '2023-09-01'),
    ('Product 68', 5, '2023-04-02'),
	('Product 69', 10, '2023-09-01'),
    ('Product 70', 5, '2023-09-02'),
	('Product 71', 10, '2023-07-01'),
    ('Product 72', 5, '2023-09-02'),
	('Product 73', 10, '2023-09-01'),
    ('Product 74', 5, '2023-09-02'),
	('Product 75', 10, '2023-09-01'),
    ('Product 76', 5, '2023-09-02'),
	('Product 77', 10, '2023-09-01'),
    ('Product 78', 5, '2023-09-02'),
	('Product 79', 10, '2023-09-01'),
    ('Product 80', 5, '2023-09-02'),
	('Product 81', 10, '2023-09-01'),
    ('Product 82', 5, '2023-06-02'),
	('Product 83', 10, '2023-09-01'),
    ('Product 84', 5, '2023-09-02'),
	('Product 85', 10, '2023-09-01'),
    ('Product 86', 5, '2023-05-02'),
	('Product 87', 10, '2023-09-01'),
    ('Product 88', 5, '2023-09-02'),
	('Product 89', 10, '2023-05-01'),
    ('Product 90', 5, '2023-01-02'),
	('Product 91', 10, '2023-09-01'),
    ('Product 92', 5, '2023-06-02'),
	('Product 93', 10, '2023-09-01'),
    ('Product 94', 5, '2023-04-02'),
	('Product 95', 10, '2023-09-01'),
    ('Product 96', 5, '2023-09-12'),
	('Product 97', 10, '2023-09-01'),
    ('Product 98', 5, '2023-05-02'),
	('Product 99', 10, '2023-05-07'),
    ('Product 100', 5, '2023-09-02');
    -- rows